[
  {
    "id": "proj",
    "name_ar": "بروجيكتور نجوم مع موسيقى",
    "name_fr": "Projecteur Galaxie avec musique",
    "price": "300 DH",
    "sku": "SEF-001",
    "img": "proj.jpg",
    "desc_ar": "أجواء ضوئية ساحرة بـ10 أوضاع وبلوتوث للموسيقى — مثالي لغرف النوم والهدايا.",
    "desc_fr": "Ambiance lumineuse magique (10 modes) + musique Bluetooth — parfait pour chambre et cadeaux."
  },
  {
    "id": "heater",
    "name_ar": "مدفأة حائط صغيرة 900W",
    "name_fr": "Mini Chauffage Mural 900W",
    "price": "300 DH",
    "sku": "SEF-002",
    "img": "heater.jpg",
    "desc_ar": "تدفئة سريعة بريموت — موفرة للطاقة ومناسبة للمكاتب والحمام.",
    "desc_fr": "Chauffage rapide avec télécommande — économe en énergie pour bureau et salle de bain."
  },
  {
    "id": "washer",
    "name_ar": "غسالة ضغط محمولة بالبطارية",
    "name_fr": "Laveur Haute Pression Sans Fil",
    "price": "300 DH",
    "sku": "SEF-003",
    "img": "washer.jpg",
    "desc_ar": "تنظيف السيارات والحديقة بسهولة، مع خرطوم وفلاتر وعلبة حمل.",
    "desc_fr": "Nettoyage voiture & jardin facile, avec tuyau, filtres et mallette."
  },
  {
    "id": "vacuum",
    "name_ar": "مكنسة سيارة لاسلكية",
    "name_fr": "Aspirateur Voiture Sans Fil",
    "price": "300 DH",
    "sku": "SEF-004",
    "img": "vacuum.jpg",
    "desc_ar": "قوة شفط قوية مع رؤوس متعددة وشحن USB-C — حجم مدمج.",
    "desc_fr": "Aspiration puissante, embouts multiples, recharge USB‑C — format compact."
  },
  {
    "id": "stand",
    "name_ar": "حامل لابتوب قابل للتعديل",
    "name_fr": "Support Ordinateur Réglable",
    "price": "300 DH",
    "sku": "SEF-005",
    "img": "stand.jpg",
    "desc_ar": "10 درجات ارتفاع لراحة العين والظهر — متين وخفيف.",
    "desc_fr": "10 niveaux d’inclinaison — confort des yeux/dos, robuste et léger."
  },
  {
    "id": "massager",
    "name_ar": "مساج إلكتروني للرقبة والكتف",
    "name_fr": "Masseur Électronique Cou & Épaule",
    "price": "300 DH",
    "sku": "SEF-006",
    "img": "massager.jpg",
    "desc_ar": "٦ مستويات، تدفئة ذكية، استرخاء عميق بعد يوم العمل.",
    "desc_fr": "6 niveaux, chaleur douce — relaxation profonde après le travail."
  },
  {
    "id": "carpower",
    "name_ar": "محول طاقة سيارة سريع PD + USB",
    "name_fr": "Convertisseur Voiture PD + USB Rapide",
    "price": "300 DH",
    "sku": "SEF-007",
    "img": "carpower.jpg",
    "desc_ar": "يشحن عدة أجهزة في نفس الوقت مع شاشة عرض للجهد.",
    "desc_fr": "Charge simultanée multi‑appareils avec affichage de la tension."
  }
]